variant,n_train,n_gallery,split_seed,spearman_qwen3,spearman_qwen25,spearman_smollm2,spearman_mean_col
r400,400,1600,-1,0.3967,0.5009,0.5649,0.5317
r800,800,1200,-1,0.5694,0.5930,0.6020,0.6168
r1000,1000,1000,-1,0.5426,0.6365,0.5819,0.6182
r1200,1200,800,-1,0.5243,0.6670,0.5859,0.6106
r1400,1400,600,-1,0.5441,0.6733,0.6959,0.6532
base,1600,400,-1,0.5247,0.6438,0.7096,0.6576
r1800,1800,200,-1,0.5685,0.6437,0.7088,0.6778
s1,1600,400,1,0.5213,0.6485,0.6764,0.6478
s2,1600,400,2,0.5492,0.6656,0.6614,0.6450
s3,1600,400,3,0.4974,0.6211,0.6702,0.6309
